saison,team_id,spiele,punkte,tore,gegentore,tordifferenz,ppg,platz,aufsteiger,relegation,top3,top6,team
2017/18,2502,34,63,57,44,13,1.8529411764705883,1,1,0,1,1,Fortuna Düsseldorf
2017/18,2458,34,60,61,39,22,1.7647058823529411,2,1,0,1,1,Nürnberg
2017/18,2496,34,56,71,44,27,1.6470588235294117,3,0,1,1,1,Holstein Kiel
2017/18,2459,34,48,51,47,4,1.411764705882353,4,0,0,0,1,Arminia Bielefeld
2017/18,2480,34,48,53,53,0,1.411764705882353,5,0,0,0,1,Jahn Regensburg
2017/18,2448,34,48,37,40,-3,1.411764705882353,6,0,0,0,1,Bochum
2017/18,2467,34,48,52,56,-4,1.411764705882353,7,0,0,0,0,MSV Duisburg
2017/18,2500,34,47,54,46,8,1.3823529411764706,8,0,0,0,0,Union Berlin
2017/18,2579,34,45,47,45,2,1.3235294117647058,9,0,0,0,0,Ingolstadt
2017/18,2520,34,43,47,45,2,1.2647058823529411,10,0,0,0,0,Darmstadt 98
2017/18,2694,34,43,35,33,2,1.2647058823529411,11,0,0,0,0,Sandhausen
2017/18,2495,34,43,35,48,-13,1.2647058823529411,12,0,0,0,0,St. Pauli
2017/18,2658,34,42,50,56,-6,1.2352941176470589,13,0,0,0,0,Heidenheim
2017/18,2478,33,40,41,51,-10,1.2121212121212122,14,0,0,0,0,Dynamo Dresden
2017/18,2469,34,40,37,48,-11,1.1764705882352942,15,0,0,0,0,Greuther Fürth
2017/18,2468,34,40,35,49,-14,1.1764705882352942,16,0,0,0,0,Erzgebirge Aue
2017/18,2493,33,38,36,42,-6,1.1515151515151516,17,0,0,0,0,Eintracht Braunschweig
2017/18,2456,34,35,42,55,-13,1.0294117647058822,18,0,0,0,0,Kaiserslautern
2018/19,2463,34,63,84,47,37,1.8529411764705883,1,1,0,1,1,Köln
2018/19,2491,34,57,76,50,26,1.6764705882352942,2,1,0,1,1,Paderborn
2018/19,2500,34,57,54,33,21,1.6764705882352942,3,0,1,1,1,Union Berlin
2018/19,2450,34,56,45,42,3,1.6470588235294117,4,0,0,0,1,Hamburger SV
2018/19,2658,34,55,55,45,10,1.6176470588235294,5,0,0,0,1,Heidenheim
2018/19,2496,34,49,60,51,9,1.4411764705882353,6,0,0,0,1,Holstein Kiel
2018/19,2459,34,49,52,50,2,1.4411764705882353,7,0,0,0,0,Arminia Bielefeld
2018/19,2480,34,49,55,54,1,1.4411764705882353,8,0,0,0,0,Jahn Regensburg
2018/19,2495,34,49,46,53,-7,1.4411764705882353,9,0,0,0,0,St. Pauli
2018/19,2520,34,46,45,53,-8,1.3529411764705883,10,0,0,0,0,Darmstadt 98
2018/19,2448,34,44,49,50,-1,1.2941176470588236,11,0,0,0,0,Bochum
2018/19,2478,34,42,41,48,-7,1.2352941176470589,12,0,0,0,0,Dynamo Dresden
2018/19,2469,34,42,37,56,-19,1.2352941176470589,13,0,0,0,0,Greuther Fürth
2018/19,2468,34,40,43,47,-4,1.1764705882352942,14,0,0,0,0,Erzgebirge Aue
2018/19,2694,34,38,45,52,-7,1.1176470588235294,15,0,0,0,0,Sandhausen
2018/19,2579,34,35,43,55,-12,1.0294117647058822,16,0,0,0,0,Ingolstadt
2018/19,2526,34,31,35,53,-18,0.9117647058823529,17,0,0,0,0,Magdeburg
2018/19,2467,34,28,39,65,-26,0.8235294117647058,18,0,0,0,0,MSV Duisburg
2019/20,2459,34,68,65,30,35,2.0,1,1,0,1,1,Arminia Bielefeld
2019/20,2445,34,58,62,41,21,1.7058823529411764,2,1,0,1,1,Stuttgart
2019/20,2658,34,55,45,36,9,1.6176470588235294,3,0,1,1,1,Heidenheim
2019/20,2450,34,54,62,46,16,1.588235294117647,4,0,0,0,1,Hamburger SV
2019/20,2520,34,52,48,43,5,1.5294117647058822,5,0,0,0,1,Darmstadt 98
2019/20,2455,34,48,54,49,5,1.411764705882353,6,0,0,0,1,Hannover 96
2019/20,2468,34,47,46,48,-2,1.3823529411764706,7,0,0,0,0,Erzgebirge Aue
2019/20,2448,34,46,53,51,2,1.3529411764705883,8,0,0,0,0,Bochum
2019/20,2469,34,44,46,45,1,1.2941176470588236,9,0,0,0,0,Greuther Fürth
2019/20,2694,34,43,43,45,-2,1.2647058823529411,10,0,0,0,0,Sandhausen
2019/20,2496,34,43,53,56,-3,1.2647058823529411,11,0,0,0,0,Holstein Kiel
2019/20,2480,34,43,50,56,-6,1.2647058823529411,12,0,0,0,0,Jahn Regensburg
2019/20,2501,34,40,46,48,-2,1.1764705882352942,13,0,0,0,0,Osnabrück
2019/20,2495,34,39,41,50,-9,1.1470588235294117,14,0,0,0,0,St. Pauli
2019/20,2472,34,37,45,56,-11,1.088235294117647,15,0,0,0,0,Karlsruher SC
2019/20,2458,34,37,45,58,-13,1.088235294117647,16,0,0,0,0,Nürnberg
2019/20,2479,34,34,45,65,-20,1.0,17,0,0,0,0,Wehen Wiesbaden
2019/20,2478,34,32,32,58,-26,0.9411764705882353,18,0,0,0,0,Dynamo Dresden
2020/21,2448,34,67,66,39,27,1.9705882352941178,1,1,0,1,1,Bochum
2020/21,2469,34,64,69,44,25,1.8823529411764706,2,1,0,1,1,Greuther Fürth
2020/21,2496,34,62,57,35,22,1.8235294117647058,3,0,1,1,1,Holstein Kiel
2020/21,2450,34,58,71,44,27,1.7058823529411764,4,0,0,0,1,Hamburger SV
2020/21,2502,34,56,55,46,9,1.6470588235294117,5,0,0,0,1,Fortuna Düsseldorf
2020/21,2520,34,51,63,55,8,1.5,6,0,0,0,1,Darmstadt 98
2020/21,2658,34,51,49,49,0,1.5,7,0,0,0,0,Heidenheim
2020/21,2472,33,49,48,43,5,1.4848484848484849,8,0,0,0,0,Karlsruher SC
2020/21,2491,34,47,53,45,8,1.3823529411764706,9,0,0,0,0,Paderborn
2020/21,2495,34,47,51,56,-5,1.3823529411764706,10,0,0,0,0,St. Pauli
2020/21,2458,34,44,46,51,-5,1.2941176470588236,11,0,0,0,0,Nürnberg
2020/21,2468,34,44,44,53,-9,1.2941176470588236,12,0,0,0,0,Erzgebirge Aue
2020/21,2455,34,42,53,51,2,1.2352941176470589,13,0,0,0,0,Hannover 96
2020/21,2480,34,38,37,50,-13,1.1176470588235294,14,0,0,0,0,Jahn Regensburg
2020/21,2694,34,34,41,60,-19,1.0,15,0,0,0,0,Sandhausen
2020/21,2501,34,33,35,58,-23,0.9705882352941176,16,0,0,0,0,Osnabrück
2020/21,2493,33,31,29,56,-27,0.9393939393939394,17,0,0,0,0,Eintracht Braunschweig
2020/21,2850,34,25,37,69,-32,0.7352941176470589,18,0,0,0,0,Würzburger Kickers
2021/22,2449,34,65,72,44,28,1.911764705882353,1,1,0,1,1,Schalke 04
2021/22,2443,34,63,65,43,22,1.8529411764705883,2,1,0,1,1,Werder Bremen
2021/22,2450,34,60,67,35,32,1.7647058823529411,3,0,1,1,1,Hamburger SV
2021/22,2520,34,60,71,46,25,1.7647058823529411,4,0,0,0,1,Darmstadt 98
2021/22,2495,34,57,61,46,15,1.6764705882352942,5,0,0,0,1,St. Pauli
2021/22,2658,34,52,43,45,-2,1.5294117647058822,6,0,0,0,1,Heidenheim
2021/22,2491,34,51,56,44,12,1.5,7,0,0,0,0,Paderborn
2021/22,2458,34,51,49,49,0,1.5,8,0,0,0,0,Nürnberg
2021/22,2496,34,45,46,54,-8,1.3235294117647058,9,0,0,0,0,Holstein Kiel
2021/22,2502,34,44,45,42,3,1.2941176470588236,10,0,0,0,0,Fortuna Düsseldorf
2021/22,2455,34,42,35,49,-14,1.2352941176470589,11,0,0,0,0,Hannover 96
2021/22,2472,34,41,54,55,-1,1.2058823529411764,12,0,0,0,0,Karlsruher SC
2021/22,2452,34,41,41,52,-11,1.2058823529411764,13,0,0,0,0,Hansa Rostock
2021/22,2694,34,41,42,54,-12,1.2058823529411764,14,0,0,0,0,Sandhausen
2021/22,2480,34,40,50,51,-1,1.1764705882352942,15,0,0,0,0,Jahn Regensburg
2021/22,2478,34,32,33,46,-13,0.9411764705882353,16,0,0,0,0,Dynamo Dresden
2021/22,2468,34,26,32,72,-40,0.7647058823529411,17,0,0,0,0,Erzgebirge Aue
2021/22,2579,34,21,30,65,-35,0.6176470588235294,18,0,0,0,0,Ingolstadt
2022/23,2658,34,67,67,36,31,1.9705882352941178,1,1,0,1,1,Heidenheim
2022/23,2520,34,67,50,33,17,1.9705882352941178,2,1,0,1,1,Darmstadt 98
2022/23,2450,34,66,70,45,25,1.9411764705882353,3,0,1,1,1,Hamburger SV
2022/23,2502,34,58,60,43,17,1.7058823529411764,4,0,0,0,1,Fortuna Düsseldorf
2022/23,2495,34,58,55,39,16,1.7058823529411764,5,0,0,0,1,St. Pauli
2022/23,2491,34,55,68,44,24,1.6176470588235294,6,0,0,0,1,Paderborn
2022/23,2472,34,46,56,53,3,1.3529411764705883,7,0,0,0,0,Karlsruher SC
2022/23,2496,34,46,58,61,-3,1.3529411764705883,8,0,0,0,0,Holstein Kiel
2022/23,2456,34,45,47,48,-1,1.3235294117647058,9,0,0,0,0,Kaiserslautern
2022/23,2455,34,44,50,55,-5,1.2941176470588236,10,0,0,0,0,Hannover 96
2022/23,2526,34,43,48,55,-7,1.2647058823529411,11,0,0,0,0,Magdeburg
2022/23,2469,34,41,47,50,-3,1.2058823529411764,12,0,0,0,0,Greuther Fürth
2022/23,2452,34,41,32,48,-16,1.2058823529411764,13,0,0,0,0,Hansa Rostock
2022/23,2458,34,39,32,49,-17,1.1470588235294117,14,0,0,0,0,Nürnberg
2022/23,2493,34,36,42,59,-17,1.0588235294117647,15,0,0,0,0,Eintracht Braunschweig
2022/23,2459,34,34,50,62,-12,1.0,16,0,0,0,0,Arminia Bielefeld
2022/23,2480,34,31,34,58,-24,0.9117647058823529,17,0,0,0,0,Jahn Regensburg
2022/23,2694,34,28,35,63,-28,0.8235294117647058,18,0,0,0,0,Sandhausen
2023/24,2495,34,69,62,36,26,2.0294117647058822,1,1,0,1,1,St. Pauli
2023/24,2496,34,68,65,39,26,2.0,2,1,0,1,1,Holstein Kiel
2023/24,2502,34,63,72,40,32,1.8529411764705883,3,0,1,1,1,Fortuna Düsseldorf
2023/24,2450,34,58,64,44,20,1.7058823529411764,4,0,0,0,1,Hamburger SV
2023/24,2472,34,55,68,48,20,1.6176470588235294,5,0,0,0,1,Karlsruher SC
2023/24,2455,34,52,59,44,15,1.5294117647058822,6,0,0,0,1,Hannover 96
2023/24,2491,34,52,54,54,0,1.5294117647058822,7,0,0,0,0,Paderborn
2023/24,2469,34,50,50,49,1,1.4705882352941178,8,0,0,0,0,Greuther Fürth
2023/24,2457,34,48,69,59,10,1.411764705882353,9,0,0,0,0,Hertha BSC
2023/24,2449,34,43,53,60,-7,1.2647058823529411,10,0,0,0,0,Schalke 04
2023/24,2488,34,43,49,63,-14,1.2647058823529411,11,0,0,0,0,Elversberg
2023/24,2458,34,40,43,64,-21,1.1764705882352942,12,0,0,0,0,Nürnberg
2023/24,2456,34,39,59,64,-5,1.1470588235294117,13,0,0,0,0,Kaiserslautern
2023/24,2526,34,38,46,54,-8,1.1176470588235294,14,0,0,0,0,Magdeburg
2023/24,2493,34,38,37,53,-16,1.1176470588235294,15,0,0,0,0,Eintracht Braunschweig
2023/24,2479,34,32,36,50,-14,0.9411764705882353,16,0,0,0,0,Wehen Wiesbaden
2023/24,2452,34,31,30,57,-27,0.9117647058823529,17,0,0,0,0,Hansa Rostock
2023/24,2501,34,28,31,69,-38,0.8235294117647058,18,0,0,0,0,Osnabrück
2024/25,2463,34,61,53,38,15,1.7941176470588236,1,1,0,1,1,Köln
2024/25,2450,34,59,78,44,34,1.7352941176470589,2,1,0,1,1,Hamburger SV
2024/25,2488,34,58,64,37,27,1.7058823529411764,3,0,1,1,1,Elversberg
2024/25,2491,34,55,56,46,10,1.6176470588235294,4,0,0,0,1,Paderborn
2024/25,2526,34,53,64,52,12,1.5588235294117647,5,0,0,0,1,Magdeburg
2024/25,2502,34,53,57,52,5,1.5588235294117647,6,0,0,0,1,Fortuna Düsseldorf
2024/25,2456,34,53,56,55,1,1.5588235294117647,7,0,0,0,0,Kaiserslautern
2024/25,2472,34,52,57,55,2,1.5294117647058822,8,0,0,0,0,Karlsruher SC
2024/25,2455,34,51,41,36,5,1.5,9,0,0,0,0,Hannover 96
2024/25,2458,34,48,60,57,3,1.411764705882353,10,0,0,0,0,Nürnberg
2024/25,2457,34,44,49,51,-2,1.2941176470588236,11,0,0,0,0,Hertha BSC
2024/25,2520,34,42,56,55,1,1.2352941176470589,12,0,0,0,0,Darmstadt 98
2024/25,2469,34,39,45,59,-14,1.1470588235294117,13,0,0,0,0,Greuther Fürth
2024/25,2449,34,38,52,62,-10,1.1176470588235294,14,0,0,0,0,Schalke 04
2024/25,2498,34,36,40,43,-3,1.0588235294117647,15,0,0,0,0,Preußen Münster
2024/25,2493,34,35,38,64,-26,1.0294117647058822,16,0,0,0,0,Eintracht Braunschweig
2024/25,2508,34,30,36,48,-12,0.8823529411764706,17,0,0,0,0,Ulm
2024/25,2480,34,25,23,71,-48,0.7352941176470589,18,0,0,0,0,Jahn Regensburg
2025/26,2449,34,70,50,31,19,2.0588235294117645,1,1,0,1,1,Schalke 04
2025/26,2488,34,62,64,39,25,1.8235294117647058,2,1,0,1,1,Elversberg
2025/26,2491,34,62,59,45,14,1.8235294117647058,3,0,1,1,1,Paderborn
2025/26,2455,34,60,60,44,16,1.7647058823529411,4,0,0,0,1,Hannover 96
2025/26,2520,34,52,57,45,12,1.5294117647058822,5,0,0,0,1,Darmstadt 98
2025/26,2456,34,52,52,47,5,1.5294117647058822,6,0,0,0,1,Kaiserslautern
2025/26,2457,34,51,47,44,3,1.5,7,0,0,0,0,Hertha BSC
2025/26,2458,34,46,47,45,2,1.3529411764705883,8,0,0,0,0,Nürnberg
2025/26,2448,34,44,49,47,2,1.2941176470588236,9,0,0,0,0,Bochum
2025/26,2478,34,41,54,53,1,1.2058823529411764,10,0,0,0,0,Dynamo Dresden
2025/26,2496,34,41,44,48,-4,1.2058823529411764,11,0,0,0,0,Holstein Kiel
2025/26,2472,33,41,49,63,-14,1.2424242424242424,12,0,0,0,0,Karlsruher SC
2025/26,2459,34,39,53,51,2,1.1470588235294117,13,0,0,0,0,Arminia Bielefeld
2025/26,2526,34,39,52,58,-6,1.1470588235294117,14,0,0,0,0,Magdeburg
2025/26,2469,33,37,48,64,-16,1.121212121212121,15,0,0,0,0,Greuther Fürth
2025/26,2493,34,37,36,54,-18,1.088235294117647,16,0,0,0,0,Eintracht Braunschweig
2025/26,2502,34,37,33,53,-20,1.088235294117647,17,0,0,0,0,Fortuna Düsseldorf
2025/26,2498,34,30,38,61,-23,0.8823529411764706,18,0,0,0,0,Preußen Münster
