saison,team_id,CC1_npxg,CC1d_npxg_gegen,npxg_diff,CC2_box_zugriffsrate,CC2d_box_zugriffsrate_gegen,CC3_abschlussqualitaet,CC3d_abschlussqualitaet_gegen,wy_totals_general_shots,schuesse_gegen,xpoints,spiele,punkte,tore,gegentore,tordifferenz,ppg,platz,aufsteiger,relegation,top3,top6,team
2017/18,2448,1.332185294117647,1.3258176470588234,0.0063676470588235334,0.10980486333362552,0.10435451222145307,0.11870588235294116,0.11376470588235293,11.941176470588236,12.852941176470589,1.3731558823529413,34,48,37,40,-3,1.411764705882353,6,0,0,0,1,Bochum
2017/18,2456,1.097635294117647,1.5118117647058824,-0.41417647058823526,0.09550598669973062,0.12173399910591991,0.11967647058823529,0.1121764705882353,9.911764705882353,14.735294117647058,1.03365,34,35,42,55,-13,1.0294117647058822,18,0,0,0,0,Kaiserslautern
2017/18,2458,1.5426117647058823,1.2179235294117647,0.32468823529411767,0.11790658057551831,0.10166501101261027,0.11900000000000001,0.11520588235294117,13.558823529411764,11.764705882352942,1.5154058823529413,34,60,61,39,22,1.7647058823529411,2,1,0,1,1,Nürnberg
2017/18,2459,1.4422176470588237,1.3669029411764706,0.07531470588235294,0.10764895865925614,0.10374767065467543,0.1063529411764706,0.11626470588235294,14.117647058823529,11.852941176470589,1.4275264705882353,34,48,51,47,4,1.411764705882353,4,0,0,0,1,Arminia Bielefeld
2017/18,2467,1.3915911764705882,1.2713823529411763,0.12020882352941176,0.10876968290493058,0.10185044537468955,0.11461764705882353,0.10852941176470587,13.176470588235293,12.705882352941176,1.4838970588235294,34,48,52,56,-4,1.411764705882353,7,0,0,0,0,MSV Duisburg
2017/18,2468,1.0517941176470589,1.2498029411764706,-0.19800882352941176,0.08191154263884849,0.11400780614036893,0.10908823529411765,0.10170588235294119,10.294117647058824,13.117647058823529,1.2170617647058823,34,40,35,49,-14,1.1764705882352942,16,0,0,0,0,Erzgebirge Aue
2017/18,2469,1.1812029411764706,1.3770058823529412,-0.19580294117647054,0.08197653071514231,0.10201063868632321,0.08920588235294118,0.12061764705882352,13.294117647058824,12.323529411764707,1.21275,34,40,37,48,-11,1.1764705882352942,15,0,0,0,0,Greuther Fürth
2017/18,2478,1.2683060606060608,1.2406242424242424,0.02768181818181817,0.11158203770056666,0.09523945812603492,0.11866666666666667,0.1146969696969697,12.303030303030303,11.727272727272727,1.4570727272727273,33,40,41,51,-10,1.2121212121212122,14,0,0,0,0,Dynamo Dresden
2017/18,2480,1.4763764705882354,1.4385911764705883,0.037785294117647104,0.10553232306099788,0.09133113673466309,0.10488235294117647,0.13779411764705882,15.176470588235293,11.058823529411764,1.4331147058823528,34,48,53,53,0,1.411764705882353,5,0,0,0,1,Jahn Regensburg
2017/18,2493,1.1594030303030303,1.2527939393939393,-0.09339090909090908,0.08993265091741735,0.10588196928319166,0.10169696969696969,0.09412121212121212,11.909090909090908,14.666666666666666,1.2523848484848483,33,38,36,42,-6,1.1515151515151516,17,0,0,0,0,Eintracht Braunschweig
2017/18,2495,1.2539382352941175,1.4197558823529413,-0.16581764705882354,0.10408574761146425,0.10332872801018154,0.11794117647058823,0.11223529411764706,11.264705882352942,13.617647058823529,1.2488970588235293,34,43,35,48,-13,1.2647058823529411,12,0,0,0,0,St. Pauli
2017/18,2496,1.659885294117647,1.2003088235294117,0.4595764705882353,0.12001404880149931,0.08661568475884113,0.13891176470588235,0.1108529411764706,13.588235294117647,11.5,1.6886764705882353,34,56,71,44,27,1.6470588235294117,3,0,1,1,1,Holstein Kiel
2017/18,2500,1.483379411764706,1.0333764705882353,0.4500029411764706,0.10681372753339899,0.09797254112370102,0.11967647058823529,0.09908823529411766,13.205882352941176,11.205882352941176,1.6490617647058823,34,47,54,46,8,1.3823529411764706,8,0,0,0,0,Union Berlin
2017/18,2502,1.4609323529411764,1.46975,-0.008817647058823508,0.10648096756059025,0.11791729539941226,0.12276470588235296,0.12373529411764705,12.735294117647058,13.352941176470589,1.4070617647058823,34,63,57,44,13,1.8529411764705883,1,1,0,1,1,Fortuna Düsseldorf
2017/18,2520,1.0739588235294117,1.3344352941176472,-0.2604764705882353,0.08973885511409871,0.1086985848207491,0.11864705882352941,0.11552941176470588,10.382352941176471,12.441176470588236,1.225444117647059,34,43,47,45,2,1.2647058823529411,10,0,0,0,0,Darmstadt 98
2017/18,2579,1.3741823529411765,0.9655970588235294,0.40858529411764705,0.12396705046621123,0.07646567595223669,0.1208529411764706,0.11535294117647059,13.794117647058824,9.705882352941176,1.7240323529411765,34,45,47,45,2,1.3235294117647058,9,0,0,0,0,Ingolstadt
2017/18,2658,1.0977588235294118,1.5208235294117647,-0.423064705882353,0.08257251905022178,0.10975926089355499,0.09332352941176471,0.11502941176470588,12.147058823529411,14.147058823529411,1.1112529411764707,34,42,50,56,-6,1.2352941176470589,13,0,0,0,0,Heidenheim
2017/18,2694,1.1712470588235295,1.323835294117647,-0.15258823529411764,0.09237169812678098,0.09402378666555272,0.1173235294117647,0.12429411764705882,11.058823529411764,11.147058823529411,1.3276764705882353,34,43,35,33,2,1.2647058823529411,11,0,0,0,0,Sandhausen
2018/19,2448,1.3695617647058824,1.4658588235294117,-0.09629705882352943,0.10464007246438882,0.10868112799475904,0.1292941176470588,0.12329411764705883,11.794117647058824,14.235294117647058,1.2537882352941176,34,44,49,50,-1,1.2941176470588236,11,0,0,0,0,Bochum
2018/19,2450,1.483785294117647,1.1839264705882353,0.29985882352941173,0.11527693674303542,0.10226369705267276,0.12823529411764706,0.1071470588235294,12.5,11.470588235294118,1.6125058823529412,34,56,45,42,3,1.6470588235294117,4,0,0,0,1,Hamburger SV
2018/19,2459,1.3715176470588235,1.3272470588235294,0.0442705882352941,0.11076599506558257,0.10032207500045065,0.11397058823529412,0.1278529411764706,12.882352941176471,10.823529411764707,1.4345911764705883,34,49,52,50,2,1.4411764705882353,7,0,0,0,0,Arminia Bielefeld
2018/19,2463,2.0460382352941178,1.2506676470588236,0.7953705882352942,0.1398572701296683,0.09993781200822949,0.1519705882352941,0.10255882352941177,14.823529411764707,11.647058823529411,1.9589176470588237,34,63,84,47,37,1.8529411764705883,1,1,0,1,1,Köln
2018/19,2467,1.341464705882353,1.775935294117647,-0.43447058823529405,0.10397828377438505,0.14053113806231518,0.11158823529411765,0.14088235294117646,12.617647058823529,14.147058823529411,1.0493235294117647,34,28,39,65,-26,0.8235294117647058,18,0,0,0,0,MSV Duisburg
2018/19,2468,1.1017882352941175,1.4851941176470589,-0.38340588235294115,0.08366827606166057,0.11868439109436733,0.10049999999999999,0.11144117647058824,11.5,13.911764705882353,1.1582588235294118,34,40,43,47,-4,1.1764705882352942,14,0,0,0,0,Erzgebirge Aue
2018/19,2469,1.0919176470588234,1.4481264705882353,-0.3562088235294118,0.0866908151036071,0.115427263454082,0.09355882352941176,0.11602941176470588,12.441176470588236,13.147058823529411,1.1423764705882353,34,42,37,56,-19,1.2352941176470589,13,0,0,0,0,Greuther Fürth
2018/19,2478,1.1884294117647058,1.4298264705882353,-0.2413970588235294,0.09705438285360969,0.1182948330565526,0.11449999999999999,0.12247058823529411,11.823529411764707,13.147058823529411,1.2519264705882354,34,42,41,48,-7,1.2352941176470589,12,0,0,0,0,Dynamo Dresden
2018/19,2480,1.7583000000000002,1.5786941176470588,0.1796058823529412,0.1325134052413648,0.11072598087123374,0.13226470588235295,0.12997058823529412,14.411764705882353,13.470588235294118,1.5007176470588235,34,49,55,54,1,1.4411764705882353,8,0,0,0,0,Jahn Regensburg
2018/19,2491,1.7497147058823528,1.5183882352941176,0.2313264705882353,0.11785924209289585,0.1149317731688374,0.11661764705882352,0.13094117647058823,16.235294117647058,12.029411764705882,1.5876029411764705,34,57,76,50,26,1.6764705882352942,2,1,0,1,1,Paderborn
2018/19,2495,1.1792794117647059,1.4750999999999999,-0.2958205882352941,0.1043961857642721,0.11831685734102668,0.11823529411764708,0.12279411764705882,11.294117647058824,12.558823529411764,1.1981823529411764,34,49,46,53,-7,1.4411764705882353,9,0,0,0,0,St. Pauli
2018/19,2496,1.645214705882353,1.5671588235294118,0.07805588235294116,0.1371558267079421,0.12787403488501406,0.14191176470588235,0.128,11.852941176470589,13.294117647058824,1.3918911764705884,34,49,60,51,9,1.4411764705882353,6,0,0,0,1,Holstein Kiel
2018/19,2500,1.5631264705882353,0.9674470588235294,0.5956794117647058,0.12261866828874535,0.0893211475230015,0.12567647058823528,0.1034705882352941,13.705882352941176,10.647058823529411,1.7726558823529412,34,57,54,33,21,1.6764705882352942,3,0,1,1,1,Union Berlin
2018/19,2520,1.2018735294117648,1.1954058823529412,0.006467647058823519,0.09478279118476204,0.10273939861109758,0.1248529411764706,0.11258823529411764,10.617647058823529,12.147058823529411,1.3217382352941178,34,46,45,53,-8,1.3529411764705883,10,0,0,0,0,Darmstadt 98
2018/19,2526,1.1249617647058823,1.2150647058823532,-0.0901029411764706,0.10203692259992443,0.09274369567102908,0.099,0.12076470588235294,11.705882352941176,10.617647058823529,1.3231676470588234,34,31,35,53,-18,0.9117647058823529,17,0,0,0,0,Magdeburg
2018/19,2579,1.449529411764706,1.238735294117647,0.21079411764705883,0.11772137732219659,0.09525626507538897,0.12976470588235295,0.11994117647058825,12.058823529411764,12.323529411764707,1.4264999999999999,34,35,43,55,-12,1.0294117647058822,16,0,0,0,0,Ingolstadt
2018/19,2658,1.3114029411764705,1.56995,-0.2585470588235294,0.10404686082978067,0.11663820357586953,0.11170588235294118,0.10829411764705882,13.294117647058824,14.5,1.264014705882353,34,55,55,45,10,1.6176470588235294,5,0,0,0,1,Heidenheim
2018/19,2694,1.1068764705882352,1.3920558823529412,-0.2851794117647059,0.10348434439242857,0.10585796217432242,0.11038235294117647,0.12558823529411767,10.647058823529411,12.088235294117647,1.1843,34,38,45,52,-7,1.1176470588235294,15,0,0,0,0,Sandhausen
2019/20,2445,1.9777088235294116,1.1534882352941178,0.8242205882352941,0.16604335637728315,0.10290876121447694,0.13570588235294118,0.11388235294117646,15.941176470588236,10.647058823529411,1.9379617647058822,34,58,62,41,21,1.7058823529411764,2,1,0,1,1,Stuttgart
2019/20,2448,1.3394823529411766,1.4884029411764705,-0.1489205882352941,0.10826286440276098,0.11772784235023011,0.12055882352941177,0.12426470588235293,12.470588235294118,13.235294117647058,1.3072617647058824,34,46,53,51,2,1.3529411764705883,8,0,0,0,0,Bochum
2019/20,2450,1.6929441176470588,1.2451029411764707,0.44784117647058824,0.15451318850295068,0.10188810176898379,0.13970588235294118,0.11699999999999999,13.823529411764707,10.911764705882353,1.7502882352941176,34,54,62,46,16,1.588235294117647,4,0,0,0,1,Hamburger SV
2019/20,2455,1.3933764705882352,1.2893117647058823,0.10406470588235295,0.12621895501118907,0.0988984743931585,0.11497058823529412,0.126,13.088235294117647,11.5,1.3758205882352943,34,48,54,49,5,1.411764705882353,6,0,0,0,1,Hannover 96
2019/20,2458,1.2659676470588237,1.2298970588235294,0.03607058823529414,0.11561678582269236,0.10536526645285026,0.10373529411764706,0.12817647058823528,12.852941176470589,10.764705882352942,1.3393264705882353,34,37,45,58,-13,1.088235294117647,16,0,0,0,0,Nürnberg
2019/20,2459,1.4141941176470587,1.101905882352941,0.31228823529411764,0.12407178165074625,0.10931110556513586,0.12791176470588236,0.11423529411764706,12.705882352941176,10.352941176470589,1.653329411764706,34,68,65,30,35,2.0,1,1,0,1,1,Arminia Bielefeld
2019/20,2468,1.245235294117647,1.5213588235294118,-0.27612352941176477,0.09536567353860331,0.1344492885733446,0.12070588235294118,0.1291764705882353,11.588235294117647,12.911764705882353,1.201555882352941,34,47,46,48,-2,1.3823529411764706,7,0,0,0,0,Erzgebirge Aue
2019/20,2469,1.3429411764705883,1.3783735294117647,-0.03543235294117647,0.11323753997666576,0.11909649537955978,0.10911764705882353,0.1255,13.088235294117647,12.205882352941176,1.283835294117647,34,44,46,45,1,1.2941176470588236,9,0,0,0,0,Greuther Fürth
2019/20,2472,1.3040176470588234,1.3496117647058823,-0.045594117647058854,0.11731999520386933,0.12135241671883273,0.11641176470588235,0.11488235294117648,12.529411764705882,13.588235294117647,1.3113000000000001,34,37,45,56,-11,1.088235294117647,15,0,0,0,0,Karlsruher SC
2019/20,2478,0.9797617647058824,1.4587088235294117,-0.47894705882352945,0.10207405802426231,0.13844003331290572,0.10088235294117648,0.11508823529411764,9.852941176470589,13.058823529411764,1.028170588235294,34,32,32,58,-26,0.9411764705882353,18,0,0,0,0,Dynamo Dresden
2019/20,2479,1.427835294117647,1.8244676470588235,-0.3966323529411765,0.1106905618366535,0.13042996794229048,0.12744117647058825,0.1376470588235294,10.970588235294118,14.205882352941176,1.1575264705882353,34,34,45,65,-20,1.0,17,0,0,0,0,Wehen Wiesbaden
2019/20,2480,1.2512676470588235,1.5348264705882353,-0.2835588235294118,0.10705526458201112,0.11984838546548755,0.1277941176470588,0.11626470588235294,10.735294117647058,14.176470588235293,1.2171705882352941,34,43,50,56,-6,1.2647058823529411,12,0,0,0,0,Jahn Regensburg
2019/20,2495,1.2972323529411764,1.4658617647058825,-0.16862941176470586,0.11296667649924298,0.12465389080977077,0.1316764705882353,0.12008823529411765,10.705882352941176,13.411764705882353,1.2604,34,39,41,50,-9,1.1470588235294117,14,0,0,0,0,St. Pauli
2019/20,2496,1.664635294117647,1.384155882352941,0.2804794117647059,0.124786049775459,0.11778737503961863,0.13241176470588234,0.13199999999999998,13.529411764705882,12.382352941176471,1.5165823529411764,34,43,53,56,-3,1.2647058823529411,11,0,0,0,0,Holstein Kiel
2019/20,2501,1.3511029411764706,1.56445,-0.21334705882352942,0.1099852205145161,0.1353563995165169,0.12479411764705883,0.12994117647058823,12.294117647058824,13.470588235294118,1.2600794117647058,34,40,46,48,-2,1.1764705882352942,13,0,0,0,0,Osnabrück
2019/20,2520,1.2885647058823528,1.4060000000000001,-0.11743529411764705,0.11415994444850901,0.12895417747211954,0.11097058823529413,0.11555882352941176,12.941176470588236,13.411764705882353,1.3397588235294118,34,52,48,43,5,1.5294117647058822,5,0,0,0,1,Darmstadt 98
2019/20,2658,1.4120676470588236,1.3445,0.06756764705882352,0.10831464730495041,0.11953502094879512,0.12455882352941178,0.11023529411764707,11.970588235294118,12.676470588235293,1.4560617647058822,34,55,45,36,9,1.6176470588235294,3,0,1,1,1,Heidenheim
2019/20,2694,1.4210764705882353,1.3289882352941176,0.09208823529411765,0.13202470828900034,0.11670426883728845,0.11994117647058825,0.11935294117647058,14.029411764705882,12.205882352941176,1.542341176470588,34,43,43,45,-2,1.2647058823529411,10,0,0,0,0,Sandhausen
2020/21,2448,1.5506735294117648,1.3226382352941177,0.22803529411764703,0.12363979962386808,0.09758623125013419,0.1303529411764706,0.13602941176470587,12.382352941176471,10.970588235294118,1.515120588235294,34,67,66,39,27,1.9705882352941178,1,1,0,1,1,Bochum
2020/21,2450,1.6746617647058823,1.1535970588235294,0.521064705882353,0.13188606458788024,0.10527265568596848,0.15788235294117647,0.10932352941176471,12.235294117647058,10.764705882352942,1.7848382352941177,34,58,71,44,27,1.7058823529411764,4,0,0,0,1,Hamburger SV
2020/21,2455,1.5688029411764706,1.1407264705882354,0.42807647058823534,0.12525942535579668,0.09842744044236558,0.13332352941176473,0.10882352941176471,12.264705882352942,10.558823529411764,1.6749411764705882,34,42,53,51,2,1.2352941176470589,13,0,0,0,0,Hannover 96
2020/21,2458,1.25325,1.309885294117647,-0.05663529411764701,0.11177549502407796,0.1139060231993172,0.10638235294117647,0.12823529411764706,12.617647058823529,11.558823529411764,1.2503617647058822,34,44,46,51,-5,1.2941176470588236,11,0,0,0,0,Nürnberg
2020/21,2468,1.1987705882352941,1.6967382352941176,-0.49796764705882346,0.09933929859198005,0.13162530825530178,0.11155882352941177,0.13614705882352943,10.676470588235293,13.705882352941176,1.0225882352941176,34,44,44,53,-9,1.2941176470588236,12,0,0,0,0,Erzgebirge Aue
2020/21,2469,1.668014705882353,1.1292205882352941,0.5387941176470588,0.1303759268000637,0.09740778188165822,0.13320588235294117,0.11402941176470588,13.647058823529411,9.617647058823529,1.7808470588235294,34,64,69,44,25,1.8823529411764706,2,1,0,1,1,Greuther Fürth
2020/21,2472,1.4636060606060606,1.3669636363636364,0.0966424242424242,0.126206390892416,0.12485998030118473,0.1269090909090909,0.13003030303030305,12.272727272727273,12.121212121212121,1.4257939393939394,33,49,48,43,5,1.4848484848484849,8,0,0,0,0,Karlsruher SC
2020/21,2480,1.1915676470588235,1.37425,-0.1826823529411765,0.11426521671046126,0.10405514529423951,0.11444117647058824,0.1358235294117647,11.970588235294118,10.617647058823529,1.3113882352941177,34,38,37,50,-13,1.1176470588235294,14,0,0,0,0,Jahn Regensburg
2020/21,2491,1.3863176470588234,1.4396441176470587,-0.05332647058823531,0.13002972792214268,0.10837541151767591,0.11761764705882354,0.13567647058823532,13.117647058823529,11.764705882352942,1.3775764705882354,34,47,53,45,8,1.3823529411764706,9,0,0,0,0,Paderborn
2020/21,2493,0.8762606060606061,1.3547424242424242,-0.4784818181818182,0.08683084923799414,0.12130129815544714,0.09824242424242424,0.13363636363636364,9.909090909090908,11.424242424242424,0.9995909090909091,33,31,29,56,-27,0.9393939393939394,17,0,0,0,0,Eintracht Braunschweig
2020/21,2495,1.5682470588235293,1.6018147058823529,-0.03356764705882356,0.12846762071479262,0.1251397198998027,0.1323235294117647,0.12726470588235295,12.588235294117647,13.058823529411764,1.3981176470588235,34,47,51,56,-5,1.3823529411764706,10,0,0,0,0,St. Pauli
2020/21,2496,1.22715,1.2113176470588234,0.01583235294117648,0.1116009717277714,0.11711044891974073,0.1416470588235294,0.10473529411764705,10.735294117647058,11.764705882352942,1.5633558823529412,34,62,57,35,22,1.8235294117647058,3,0,1,1,1,Holstein Kiel
2020/21,2501,0.9844588235294118,1.4406852941176471,-0.45622647058823534,0.09017924393003444,0.12805424889216535,0.11129411764705882,0.12576470588235295,10.058823529411764,13.058823529411764,1.064829411764706,34,33,35,58,-23,0.9705882352941176,16,0,0,0,0,Osnabrück
2020/21,2502,1.5728470588235293,1.0420205882352942,0.5308264705882353,0.13073023201027048,0.11019823511660032,0.13505882352941176,0.1295294117647059,11.588235294117647,10.029411764705882,1.5727088235294118,34,56,55,46,9,1.6470588235294117,5,0,0,0,1,Fortuna Düsseldorf
2020/21,2520,1.5450794117647058,1.4318735294117648,0.11320588235294118,0.12100410250951166,0.12456020194871745,0.1356764705882353,0.133,12.676470588235293,12.470588235294118,1.4509705882352941,34,51,63,55,8,1.5,6,0,0,0,1,Darmstadt 98
2020/21,2658,1.405564705882353,1.1935235294117648,0.21204117647058826,0.10420715704763853,0.10153193053905488,0.12729411764705884,0.11144117647058824,12.147058823529411,11.529411764705882,1.5518970588235295,34,51,49,49,0,1.5,7,0,0,0,0,Heidenheim
2020/21,2694,1.3087676470588236,1.5898941176470587,-0.2811264705882353,0.11102937400026618,0.12865134601235037,0.13623529411764704,0.12449999999999999,10.441176470588236,13.529411764705882,1.2481323529411765,34,34,41,60,-19,1.0,15,0,0,0,0,Sandhausen
2020/21,2850,1.0917970588235293,1.7475323529411764,-0.6557352941176471,0.09548407603062146,0.13522180182722246,0.11794117647058823,0.14452941176470588,10.088235294117647,12.911764705882353,1.0040352941176471,34,25,37,69,-32,0.7352941176470589,18,0,0,0,0,Würzburger Kickers
2021/22,2443,1.8207323529411763,1.2886882352941176,0.5320441176470587,0.16464252700965235,0.10105318248378319,0.12273529411764705,0.12338235294117648,15.941176470588236,10.647058823529411,1.7559647058823529,34,63,65,43,22,1.8529411764705883,2,1,0,1,1,Werder Bremen
2021/22,2449,1.9782705882352942,1.1853382352941177,0.7929323529411764,0.1510423400456806,0.11143209205057696,0.1278529411764706,0.10176470588235294,15.794117647058824,11.852941176470589,1.8644970588235292,34,65,72,44,28,1.911764705882353,1,1,0,1,1,Schalke 04
2021/22,2450,2.037979411764706,1.1740029411764705,0.8639764705882352,0.1690778914575306,0.1125069326521594,0.1521470588235294,0.11673529411764705,14.852941176470589,11.029411764705882,1.9681794117647058,34,60,67,35,32,1.7647058823529411,3,0,1,1,1,Hamburger SV
2021/22,2452,1.405070588235294,1.3429764705882352,0.06209411764705883,0.12326149467969483,0.11789316879957207,0.1196470588235294,0.12308823529411766,12.0,11.941176470588236,1.4006088235294119,34,41,41,52,-11,1.2058823529411764,13,0,0,0,0,Hansa Rostock
2021/22,2455,1.2284029411764708,1.3349911764705882,-0.10658823529411761,0.11371112935875866,0.1344732844624047,0.09888235294117648,0.0986764705882353,11.882352941176471,13.323529411764707,1.3077735294117647,34,42,35,49,-14,1.2352941176470589,11,0,0,0,0,Hannover 96
2021/22,2458,1.3021441176470587,1.6113117647058823,-0.3091676470588235,0.12718467713955678,0.13753884476594005,0.1108235294117647,0.11835294117647059,13.117647058823529,13.852941176470589,1.2588294117647059,34,51,49,49,0,1.5,8,0,0,0,0,Nürnberg
2021/22,2468,1.1356735294117648,1.5612117647058823,-0.42553823529411755,0.1006097557050923,0.15177778987272172,0.10541176470588236,0.12488235294117649,11.088235294117647,13.117647058823529,1.0766764705882352,34,26,32,72,-40,0.7647058823529411,17,0,0,0,0,Erzgebirge Aue
2021/22,2472,1.4365235294117646,1.5740176470588234,-0.13749411764705882,0.13403708647037677,0.14700490926946067,0.11629411764705883,0.11658823529411765,12.764705882352942,14.176470588235293,1.2827558823529412,34,41,54,55,-1,1.2058823529411764,12,0,0,0,0,Karlsruher SC
2021/22,2478,1.1670176470588236,1.5921823529411765,-0.42516470588235294,0.11213633228915759,0.12762090935266887,0.10770588235294118,0.11814705882352942,10.911764705882353,13.882352941176471,1.1586823529411765,34,32,33,46,-13,0.9411764705882353,16,0,0,0,0,Dynamo Dresden
2021/22,2480,1.3160441176470588,1.5002088235294118,-0.18416470588235292,0.12045692995214974,0.1340618304194712,0.10367647058823529,0.12067647058823529,13.647058823529411,12.705882352941176,1.2873823529411765,34,40,50,51,-1,1.1764705882352942,15,0,0,0,0,Jahn Regensburg
2021/22,2491,1.3238970588235295,1.3499794117647057,-0.026082352941176466,0.12426596908170726,0.13633922935162388,0.11229411764705882,0.10455882352941176,12.588235294117647,14.176470588235293,1.3093735294117648,34,51,56,44,12,1.5,7,0,0,0,0,Paderborn
2021/22,2495,1.4100382352941176,1.557035294117647,-0.14699705882352945,0.14375667279738605,0.12827961164472937,0.1198235294117647,0.12879411764705884,13.058823529411764,11.794117647058824,1.4334029411764706,34,57,61,46,15,1.6764705882352942,5,0,0,0,1,St. Pauli
2021/22,2496,1.3324235294117646,1.4792676470588235,-0.14684411764705885,0.1344740654574352,0.14425421789135592,0.11623529411764706,0.11414705882352942,12.529411764705882,13.794117647058824,1.2850941176470587,34,45,46,54,-8,1.3235294117647058,9,0,0,0,0,Holstein Kiel
2021/22,2502,1.3749617647058823,1.1847882352941177,0.19017352941176474,0.13839441457108242,0.12009016963734649,0.10735294117647058,0.11514705882352941,13.235294117647058,11.676470588235293,1.4146264705882352,34,44,45,42,3,1.2941176470588236,10,0,0,0,0,Fortuna Düsseldorf
2021/22,2520,1.7613117647058822,1.3274235294117647,0.43388823529411763,0.14927497002673235,0.11250922336982022,0.12014705882352941,0.11835294117647059,15.205882352941176,11.794117647058824,1.628535294117647,34,60,71,46,25,1.7647058823529411,4,0,0,0,1,Darmstadt 98
2021/22,2579,1.0514999999999999,1.6201999999999999,-0.5687,0.10880394874427242,0.14099109246438823,0.10479411764705883,0.11294117647058823,10.617647058823529,14.529411764705882,1.045208823529412,34,21,30,65,-35,0.6176470588235294,18,0,0,0,0,Ingolstadt
2021/22,2658,1.3723735294117647,1.1872235294117648,0.18515,0.12337142226899997,0.12397028381568742,0.10935294117647058,0.1008235294117647,12.911764705882353,12.558823529411764,1.4630176470588234,34,52,43,45,-2,1.5294117647058822,6,0,0,0,1,Heidenheim
2021/22,2694,1.0559588235294117,1.6394764705882354,-0.5835176470588236,0.09973733683318751,0.15644219158474298,0.12220588235294118,0.12032352941176472,9.205882352941176,14.5,1.0197382352941178,34,41,42,54,-12,1.2058823529411764,14,0,0,0,0,Sandhausen
2022/23,2450,1.7338794117647058,1.3471441176470589,0.38673529411764707,0.1622973249859247,0.13804009807709558,0.13373529411764706,0.11102941176470588,13.823529411764707,11.852941176470589,1.6877029411764706,34,66,70,45,25,1.9411764705882353,3,0,1,1,1,Hamburger SV
2022/23,2452,1.0433735294117648,1.4123470588235296,-0.36897352941176476,0.11398197479443371,0.13298610716514864,0.09341176470588236,0.11332352941176471,11.029411764705882,13.676470588235293,1.0926705882352943,34,41,32,48,-16,1.2058823529411764,13,0,0,0,0,Hansa Rostock
2022/23,2455,1.265591176470588,1.6696647058823528,-0.4040735294117648,0.11784056956102079,0.14054385321716195,0.1196470588235294,0.12091176470588234,11.176470588235293,14.970588235294118,1.1582147058823529,34,44,50,55,-5,1.2941176470588236,10,0,0,0,0,Hannover 96
2022/23,2456,1.398829411764706,1.2188029411764707,0.18002647058823532,0.11864495547298244,0.12079467819465556,0.13173529411764706,0.1095,11.647058823529411,12.176470588235293,1.5337029411764704,34,45,47,48,-1,1.3235294117647058,9,0,0,0,0,Kaiserslautern
2022/23,2458,0.9976823529411765,1.289064705882353,-0.2913823529411765,0.1102135522449789,0.12679925662777342,0.08973529411764707,0.10297058823529412,12.058823529411764,12.205882352941176,1.2334823529411765,34,39,32,49,-17,1.1470588235294117,14,0,0,0,0,Nürnberg
2022/23,2459,1.3606352941176472,1.4819911764705882,-0.12135588235294117,0.12417527455816083,0.13344267410426286,0.11370588235294118,0.12023529411764707,12.264705882352942,13.882352941176471,1.2686176470588235,34,34,50,62,-12,1.0,16,0,0,0,0,Arminia Bielefeld
2022/23,2469,1.3092735294117648,1.2033352941176472,0.10593823529411765,0.11978296040715343,0.10947126274691994,0.12023529411764707,0.1285,12.0,10.705882352941176,1.3997852941176472,34,41,47,50,-3,1.2058823529411764,12,0,0,0,0,Greuther Fürth
2022/23,2472,1.519685294117647,1.249379411764706,0.27030588235294123,0.15056388821299493,0.12467835491298063,0.12720588235294117,0.10194117647058824,12.911764705882353,12.764705882352942,1.5393676470588233,34,46,56,53,3,1.3529411764705883,7,0,0,0,0,Karlsruher SC
2022/23,2480,1.1713823529411764,1.4218735294117646,-0.2504911764705882,0.109870575689346,0.13259517349707664,0.1128529411764706,0.12605882352941175,10.823529411764707,12.117647058823529,1.231529411764706,34,31,34,58,-24,0.9117647058823529,17,0,0,0,0,Jahn Regensburg
2022/23,2491,1.8924911764705883,1.2717676470588235,0.6207235294117647,0.1502772006386201,0.12316550125616663,0.13741176470588234,0.11599999999999999,15.117647058823529,11.411764705882353,1.763105882352941,34,55,68,44,24,1.6176470588235294,6,0,0,0,1,Paderborn
2022/23,2493,1.2458735294117647,1.608635294117647,-0.36276176470588234,0.12293477511447959,0.14583766180155713,0.10697058823529412,0.12888235294117645,12.176470588235293,13.176470588235293,1.123664705882353,34,36,42,59,-17,1.0588235294117647,15,0,0,0,0,Eintracht Braunschweig
2022/23,2495,1.457244117647059,0.9849823529411765,0.4722617647058823,0.14738348930696782,0.10589402652487662,0.10473529411764705,0.10805882352941176,14.264705882352942,10.352941176470589,1.6559235294117647,34,58,55,39,16,1.7058823529411764,5,0,0,0,1,St. Pauli
2022/23,2496,1.5707970588235294,1.5255617647058823,0.045235294117647096,0.13817783241264314,0.1438117880009435,0.12938235294117648,0.1198235294117647,13.647058823529411,13.441176470588236,1.4476176470588236,34,46,58,61,-3,1.3529411764705883,8,0,0,0,0,Holstein Kiel
2022/23,2502,1.4926558823529412,1.2760117647058824,0.21664411764705885,0.1438405932409649,0.12410226675548411,0.13305882352941176,0.12705882352941178,13.117647058823529,11.588235294117647,1.5739588235294117,34,58,60,43,17,1.7058823529411764,4,0,0,0,1,Fortuna Düsseldorf
2022/23,2520,1.4909264705882352,1.1528617647058823,0.33806470588235293,0.14594663199657923,0.1020769975689999,0.12311764705882353,0.11623529411764706,12.970588235294118,10.852941176470589,1.5748235294117645,34,67,50,33,17,1.9705882352941178,2,1,0,1,1,Darmstadt 98
2022/23,2526,1.3066058823529412,1.702505882352941,-0.39590000000000003,0.12407509391697129,0.14552848045444378,0.1071764705882353,0.12220588235294118,13.0,14.264705882352942,1.1600970588235295,34,43,48,55,-7,1.2647058823529411,11,0,0,0,0,Magdeburg
2022/23,2658,1.3946500000000002,1.1673117647058824,0.2273382352941177,0.12050942512613831,0.1134500817725466,0.11547058823529412,0.10661764705882353,13.0,10.941176470588236,1.5670588235294118,34,67,67,36,31,1.9705882352941178,1,1,0,1,1,Heidenheim
2022/23,2694,0.97925,1.647585294117647,-0.668335294117647,0.09166232537794218,0.14896018038020878,0.11320588235294118,0.13344117647058823,9.029411764705882,13.676470588235293,0.9239882352941176,34,28,35,63,-28,0.8235294117647058,18,0,0,0,0,Sandhausen
2023/24,2449,1.4409470588235294,1.5680558823529414,-0.12710882352941177,0.1421326484810085,0.13378858352179354,0.11652941176470588,0.12455882352941178,13.294117647058824,12.705882352941176,1.3353382352941177,34,43,53,60,-7,1.2647058823529411,10,0,0,0,0,Schalke 04
2023/24,2450,1.8131735294117648,1.4092441176470587,0.40392941176470587,0.16849278319726527,0.12823226655459619,0.13370588235294117,0.1353529411764706,14.882352941176471,11.705882352941176,1.6132264705882353,34,58,64,44,20,1.7058823529411764,4,0,0,0,1,Hamburger SV
2023/24,2452,1.2734970588235295,1.85355,-0.5800529411764707,0.11508093239799558,0.14202893766233068,0.11211764705882353,0.1342941176470588,11.588235294117647,14.323529411764707,1.1096941176470587,34,31,30,57,-27,0.9117647058823529,17,0,0,0,0,Hansa Rostock
2023/24,2455,1.5860764705882353,1.1740176470588235,0.41205882352941176,0.1352610937602877,0.12216572804688985,0.12714705882352942,0.11061764705882353,13.823529411764707,11.5,1.672029411764706,34,52,59,44,15,1.5294117647058822,6,0,0,0,1,Hannover 96
2023/24,2456,1.841694117647059,1.3862058823529413,0.4554882352941177,0.12913571478767888,0.13193690397894428,0.1366176470588235,0.1323235294117647,13.382352941176471,12.382352941176471,1.503614705882353,34,39,59,64,-5,1.1470588235294117,13,0,0,0,0,Kaiserslautern
2023/24,2457,1.5166058823529411,1.536070588235294,-0.01946470588235296,0.14264287774009793,0.14907317073527504,0.1371764705882353,0.11817647058823529,12.117647058823529,13.941176470588236,1.402544117647059,34,48,69,59,10,1.411764705882353,9,0,0,0,0,Hertha BSC
2023/24,2458,1.226314705882353,1.6155794117647058,-0.3892647058823529,0.11814361308544784,0.17103657750627124,0.12291176470588236,0.11188235294117647,11.647058823529411,15.117647058823529,1.211164705882353,34,40,43,64,-21,1.1764705882352942,12,0,0,0,0,Nürnberg
2023/24,2469,1.3747029411764706,1.3572058823529414,0.017497058823529425,0.13467641898898255,0.11643128986042149,0.1223529411764706,0.1313235294117647,12.764705882352942,11.294117647058824,1.4246764705882353,34,50,50,49,1,1.4705882352941178,8,0,0,0,0,Greuther Fürth
2023/24,2472,1.7198823529411764,1.5041117647058824,0.21577058823529416,0.17100966069060491,0.13865914139167537,0.13097058823529412,0.12126470588235294,13.764705882352942,12.941176470588236,1.5337676470588235,34,55,68,48,20,1.6176470588235294,5,0,0,0,1,Karlsruher SC
2023/24,2479,1.4548029411764705,1.4862794117647058,-0.03147647058823527,0.11388956503170583,0.14187007968083365,0.1223235294117647,0.11273529411764704,11.735294117647058,14.294117647058824,1.2341058823529412,34,32,36,50,-14,0.9411764705882353,16,0,0,0,0,Wehen Wiesbaden
2023/24,2488,1.3919735294117648,1.6521470588235294,-0.2601735294117647,0.12297691239496385,0.1411316075204005,0.12229411764705883,0.13538235294117645,12.0,13.382352941176471,1.1926529411764706,34,43,49,63,-14,1.2647058823529411,11,0,0,0,0,Elversberg
2023/24,2491,1.6190470588235293,1.5995470588235294,0.019499999999999948,0.146414552414815,0.1454588417172279,0.1292941176470588,0.12888235294117645,13.176470588235293,12.970588235294118,1.4084882352941177,34,52,54,54,0,1.5294117647058822,7,0,0,0,0,Paderborn
2023/24,2493,1.3108352941176469,1.349185294117647,-0.03835,0.12515410056642212,0.1465824839187763,0.11838235294117648,0.12076470588235294,11.588235294117647,13.323529411764707,1.2428529411764706,34,38,37,53,-16,1.1176470588235294,15,0,0,0,0,Eintracht Braunschweig
2023/24,2495,1.6383764705882353,1.0865764705882355,0.5518,0.1646270208244416,0.10545231330953755,0.11694117647058823,0.13452941176470587,14.794117647058824,8.558823529411764,1.752905882352941,34,69,62,36,26,2.0294117647058822,1,1,0,1,1,St. Pauli
2023/24,2496,1.5603058823529412,1.4082029411764707,0.15210294117647058,0.1398466556521623,0.13490936598795017,0.1288235294117647,0.11332352941176471,13.676470588235293,13.588235294117647,1.5080352941176471,34,68,65,39,26,2.0,2,1,0,1,1,Holstein Kiel
2023/24,2501,1.0801529411764705,1.8525441176470587,-0.7723911764705883,0.12218679105013919,0.16378789351572748,0.1278235294117647,0.13541176470588234,10.529411764705882,14.617647058823529,0.9677911764705882,34,28,31,69,-38,0.8235294117647058,18,0,0,0,0,Osnabrück
2023/24,2502,1.6197205882352943,1.1210441176470587,0.4986764705882352,0.16039546745093647,0.14237261950254787,0.13370588235294117,0.10829411764705882,13.735294117647058,10.941176470588236,1.7619500000000001,34,63,72,40,32,1.8529411764705883,3,0,1,1,1,Fortuna Düsseldorf
2023/24,2526,1.203164705882353,1.7117058823529412,-0.5085411764705882,0.15089564446815143,0.14804464857190797,0.10744117647058823,0.13744117647058823,12.264705882352942,13.176470588235293,1.1532676470588237,34,38,46,54,-8,1.1176470588235294,14,0,0,0,0,Magdeburg
2024/25,2449,1.491070588235294,1.7025147058823529,-0.2114441176470589,0.1455064182142316,0.1488218235761551,0.12176470588235293,0.1381176470588235,12.382352941176471,12.558823529411764,1.2616529411764705,34,38,52,62,-10,1.1176470588235294,14,0,0,0,0,Schalke 04
2024/25,2450,1.7767529411764704,1.4908558823529412,0.2858970588235294,0.16946547593843428,0.16057596227619386,0.14611764705882352,0.12458823529411764,13.735294117647058,12.941176470588236,1.6038323529411764,34,59,78,44,34,1.7352941176470589,2,1,0,1,1,Hamburger SV
2024/25,2455,1.5268911764705881,1.4189088235294118,0.10798235294117649,0.145869355563881,0.13717377970856193,0.11926470588235294,0.11676470588235294,12.911764705882353,12.794117647058824,1.435173529411765,34,51,41,36,5,1.5,9,0,0,0,0,Hannover 96
2024/25,2456,1.566185294117647,1.6086294117647058,-0.042444117647058806,0.129361380225013,0.14377527533502946,0.12461764705882353,0.13944117647058824,13.382352941176471,12.5,1.3713,34,53,56,55,1,1.5588235294117647,7,0,0,0,0,Kaiserslautern
2024/25,2457,1.4091264705882354,1.2005676470588236,0.2085588235294118,0.15956153836254378,0.12048586721407173,0.1213235294117647,0.12188235294117647,12.147058823529411,11.029411764705882,1.463885294117647,34,44,49,51,-2,1.2941176470588236,11,0,0,0,0,Hertha BSC
2024/25,2458,1.4186235294117648,1.4846441176470588,-0.06602058823529412,0.13079633730448584,0.16210697032476534,0.1401470588235294,0.12091176470588234,11.147058823529411,13.205882352941176,1.341764705882353,34,48,60,57,3,1.411764705882353,10,0,0,0,0,Nürnberg
2024/25,2463,1.7556264705882352,1.1205117647058824,0.635114705882353,0.18884844781752558,0.11593746070548859,0.12394117647058825,0.12297058823529412,15.058823529411764,9.676470588235293,1.7688529411764706,34,61,53,38,15,1.7941176470588236,1,1,0,1,1,Köln
2024/25,2469,1.3560617647058824,1.5112911764705883,-0.1552294117647059,0.1302591733764663,0.14949733227987325,0.12120588235294119,0.1302941176470588,12.058823529411764,12.529411764705882,1.3042794117647059,34,39,45,59,-14,1.1470588235294117,13,0,0,0,0,Greuther Fürth
2024/25,2472,1.4271470588235295,1.399314705882353,0.027832352941176502,0.15187629631799232,0.14856156353581393,0.13047058823529412,0.12073529411764707,11.705882352941176,13.617647058823529,1.2810176470588235,34,52,57,55,2,1.5294117647058822,8,0,0,0,0,Karlsruher SC
2024/25,2480,0.9881529411764706,1.7994323529411764,-0.8112794117647059,0.10221463574790628,0.15148199027466763,0.11032352941176471,0.1509705882352941,10.294117647058824,13.382352941176471,0.8009794117647059,34,25,23,71,-48,0.7352941176470589,18,0,0,0,0,Jahn Regensburg
2024/25,2488,1.3852911764705882,1.222314705882353,0.16297647058823528,0.13778503953889576,0.12629987761296854,0.11176470588235293,0.11476470588235295,13.441176470588236,11.264705882352942,1.5268794117647058,34,58,64,37,27,1.7058823529411764,3,0,1,1,1,Elversberg
2024/25,2491,1.5881676470588235,1.2178088235294118,0.37035882352941174,0.15851458011195232,0.12100619992855416,0.12926470588235295,0.12470588235294118,13.705882352941176,11.058823529411764,1.6838441176470589,34,55,56,46,10,1.6176470588235294,4,0,0,0,1,Paderborn
2024/25,2493,1.2050705882352941,1.6654529411764705,-0.4603823529411764,0.10905136538940059,0.15607557626555638,0.11064705882352942,0.124,11.411764705882353,14.117647058823529,1.1110264705882353,34,35,38,64,-26,1.0294117647058822,16,0,0,0,0,Eintracht Braunschweig
2024/25,2498,1.3485235294117648,1.2656735294117647,0.08284999999999998,0.1320365151218098,0.14091170903989875,0.128,0.10526470588235294,11.147058823529411,12.529411764705882,1.4491029411764706,34,36,40,43,-3,1.0588235294117647,15,0,0,0,0,Preußen Münster
2024/25,2502,1.3185176470588236,1.5677970588235295,-0.2492794117647059,0.1325024514130763,0.16073040603418068,0.13164705882352942,0.12473529411764706,11.529411764705882,13.911764705882353,1.2670470588235294,34,53,57,52,5,1.5588235294117647,6,0,0,0,1,Fortuna Düsseldorf
2024/25,2508,1.1076323529411765,1.4174941176470588,-0.30986176470588234,0.1189052464675988,0.1453681725117305,0.1148235294117647,0.11847058823529413,11.264705882352942,12.970588235294118,1.210914705882353,34,30,36,48,-12,0.8823529411764706,17,0,0,0,0,Ulm
2024/25,2520,1.5908941176470588,1.2478647058823529,0.3430294117647059,0.15017875538264494,0.13489539525606103,0.1273235294117647,0.10623529411764707,13.588235294117647,12.029411764705882,1.6419588235294118,34,42,56,55,1,1.2352941176470589,12,0,0,0,0,Darmstadt 98
2024/25,2526,1.5268588235294118,1.4455176470588234,0.08134117647058829,0.16355268192942507,0.1325803323437127,0.12238235294117646,0.1301764705882353,13.470588235294118,12.264705882352942,1.4089558823529411,34,53,64,52,12,1.5588235294117647,5,0,0,0,1,Magdeburg
2025/26,2448,1.5138058823529412,1.4955029411764704,0.01830294117647057,0.15142100441977485,0.15043895694113746,0.12817647058823528,0.1301764705882353,13.176470588235293,12.529411764705882,1.4000235294117647,34,44,49,47,2,1.2941176470588236,9,0,0,0,0,Bochum
2025/26,2449,1.6077676470588234,0.9412941176470587,0.6664735294117647,0.14757694542663602,0.09710701230411467,0.132,0.11614705882352942,12.970588235294118,8.647058823529411,1.8148823529411766,34,70,50,31,19,2.0588235294117645,1,1,0,1,1,Schalke 04
2025/26,2455,1.7337882352941176,1.2957176470588236,0.43807058823529416,0.1730031113493243,0.12390195728675024,0.1504705882352941,0.12023529411764707,13.205882352941176,11.382352941176471,1.70975,34,60,60,44,16,1.7647058823529411,4,0,0,0,1,Hannover 96
2025/26,2456,1.3937,1.4591941176470589,-0.06549411764705883,0.1270965775415711,0.14437542408876608,0.12155882352941176,0.11802941176470588,11.852941176470589,13.411764705882353,1.3351235294117647,34,52,52,47,5,1.5294117647058822,6,0,0,0,1,Kaiserslautern
2025/26,2457,1.3753441176470587,1.5986882352941176,-0.22334411764705883,0.13730143909039225,0.15610346047453966,0.12844117647058823,0.1213235294117647,11.852941176470589,13.617647058823529,1.3432088235294117,34,51,47,44,3,1.5,7,0,0,0,0,Hertha BSC
2025/26,2458,1.4748470588235294,1.4247441176470588,0.05010294117647057,0.14457083181104663,0.1461873546467496,0.13644117647058823,0.1264705882352941,12.323529411764707,11.970588235294118,1.4397352941176471,34,46,47,45,2,1.3529411764705883,8,0,0,0,0,Nürnberg
2025/26,2459,1.4050470588235293,1.4114470588235293,-0.006399999999999987,0.14853299549765672,0.13297184438032686,0.10952941176470589,0.13170588235294117,13.941176470588236,11.676470588235293,1.441914705882353,34,39,53,51,2,1.1470588235294117,13,0,0,0,0,Arminia Bielefeld
2025/26,2469,1.2461090909090908,1.6161181818181818,-0.3700090909090909,0.11246191289179965,0.16430827221757655,0.12451515151515151,0.12063636363636364,11.06060606060606,14.06060606060606,1.1371787878787878,33,37,48,64,-16,1.121212121212121,15,0,0,0,0,Greuther Fürth
2025/26,2472,1.2650636363636365,1.8657818181818182,-0.6007181818181819,0.13630809431352928,0.1622830473691496,0.1173939393939394,0.12554545454545454,11.181818181818182,15.484848484848484,1.0737303030303031,33,41,49,63,-14,1.2424242424242424,12,0,0,0,0,Karlsruher SC
2025/26,2478,1.5102176470588236,1.394064705882353,0.11615294117647057,0.13416250639737826,0.1519737158764248,0.12970588235294117,0.12088235294117648,12.294117647058824,12.852941176470589,1.3606764705882353,34,41,54,53,1,1.2058823529411764,10,0,0,0,0,Dynamo Dresden
2025/26,2488,1.6481058823529413,1.2645176470588235,0.3835882352941177,0.16883632388790884,0.12079989137991859,0.12844117647058823,0.12770588235294117,14.323529411764707,10.0,1.6901676470588234,34,62,64,39,25,1.8235294117647058,2,1,0,1,1,Elversberg
2025/26,2491,1.8760823529411765,1.3238323529411764,0.55225,0.1632389564650055,0.13048599635617433,0.14094117647058824,0.12108823529411765,14.411764705882353,11.382352941176471,1.737644117647059,34,62,59,45,14,1.8235294117647058,3,0,1,1,1,Paderborn
2025/26,2493,1.1913,1.4609470588235296,-0.2696470588235294,0.1227328776429026,0.14757306999110628,0.10670588235294118,0.13208823529411765,11.470588235294118,12.117647058823529,1.2111764705882353,34,37,36,54,-18,1.088235294117647,16,0,0,0,0,Eintracht Braunschweig
2025/26,2496,1.15205,1.509770588235294,-0.3577205882352941,0.1240013231730306,0.145489097916208,0.11917647058823529,0.13117647058823528,11.117647058823529,13.029411764705882,1.1413529411764705,34,41,44,48,-4,1.2058823529411764,11,0,0,0,0,Holstein Kiel
2025/26,2498,1.2079235294117647,1.7193264705882352,-0.5114029411764707,0.12173024835226025,0.14332445766701837,0.10894117647058824,0.14747058823529413,11.029411764705882,13.088235294117647,1.0241264705882351,34,30,38,61,-23,0.8823529411764706,18,0,0,0,0,Preußen Münster
2025/26,2502,1.2796323529411764,1.358885294117647,-0.07925294117647057,0.1301174289288481,0.14707321772441642,0.11108823529411765,0.11261764705882353,11.735294117647058,13.117647058823529,1.2551617647058824,34,37,33,53,-20,1.088235294117647,17,0,0,0,0,Fortuna Düsseldorf
2025/26,2520,1.742323529411765,1.542429411764706,0.19989411764705883,0.15504638994506612,0.14788561619321786,0.1332941176470588,0.12014705882352941,13.088235294117647,14.0,1.4816647058823529,34,52,57,45,12,1.5294117647058822,5,0,0,0,1,Darmstadt 98
2025/26,2526,1.617364705882353,1.5867617647058823,0.030602941176470593,0.16421484392361774,0.15236028037301808,0.1251764705882353,0.12867647058823528,14.294117647058824,13.176470588235293,1.3903676470588235,34,39,52,58,-6,1.1470588235294117,14,0,0,0,0,Magdeburg
